<?xml version="1.0" encoding="UTF-8"?>
<!--xsd file has the definition of the spring configurations  -->
<beans xmlns="http://www.springframework.org/schema/beans"
	xmlns:xsi="http://www.w3.org/2001/XMLSchema-instance" xmlns:context="http://www.springframework.org/schema/context"
	xmlns:aop="http://www.springframework.org/schema/aop"
	xsi:schemaLocation="http://www.springframework.org/schema/beans
	http://www.springframework.org/schema/beans/spring-beans-3.0.xsd">

<bean id="studentbean" class="JDBCtemplate.jdbcex.StudentBean">
<property name="studentid"  value="102"></property>
<property name="studentname"  value="sam"></property>
</bean>


<bean id="crud" class="JDBCtemplate.jdbcex.StudentDAO">
<property name="temp" ref="jdbctemp"></property>
</bean>

<bean id="jdbctemp" class="org.springframework.jdbc.core.JdbcTemplate">
<property name="dataSource" ref="ds" ></property>
</bean>

<bean id="ds" class="org.springframework.jdbc.datasource.DriverManagerDataSource">
<property name="driverClassName" value="com.mysql.jdbc.Driver"></property>
<property name="url" value="jdbc:mysql://localhost:3306/hibetemplate"></property>
<property name="username" value="root"></property>
<property name="password" value="9482733234Rr"></property>
</bean>
</beans>
